{"stats":{"minecraft:used":{"minecraft:wooden_sword":7,"minecraft:sand":2,"minecraft:crafting_table":1,"minecraft:melon_slice":9},"minecraft:mined":{"minecraft:grass":5,"minecraft:melon":3,"minecraft:jungle_log":7,"minecraft:sand":2,"minecraft:jungle_leaves":9,"minecraft:oak_leaves":1,"minecraft:crafting_table":1},"minecraft:crafted":{"minecraft:wooden_sword":2,"minecraft:crafting_table":1,"minecraft:stick":4,"minecraft:jungle_planks":28},"minecraft:custom":{"minecraft:time_since_rest":16819,"minecraft:crouch_one_cm":1918,"minecraft:play_time":16819,"minecraft:sprint_one_cm":29302,"minecraft:damage_taken":180,"minecraft:walk_one_cm":9440,"minecraft:sneak_time":696,"minecraft:mob_kills":2,"minecraft:drop":2,"minecraft:jump":256,"minecraft:damage_dealt":297,"minecraft:leave_game":3,"minecraft:time_since_death":16819,"minecraft:climb_one_cm":6943,"minecraft:total_world_time":16819,"minecraft:interact_with_crafting_table":3,"minecraft:fall_one_cm":8226,"minecraft:fly_one_cm":36245},"minecraft:picked_up":{"minecraft:wooden_sword":2,"minecraft:crafting_table":1,"minecraft:stick":1,"minecraft:rotten_flesh":1,"minecraft:jungle_log":7,"minecraft:sand":2,"minecraft:melon_slice":11},"minecraft:killed":{"minecraft:spider":1,"minecraft:zombie":1},"minecraft:dropped":{"minecraft:wooden_sword":2}},"DataVersion":3465}