{"stats":{"minecraft:dropped":{"minecraft:wheat_seeds":1,"tombstone:grave_dust":5,"minecraft:rotten_flesh":3,"minecraft:wooden_sword":2},"minecraft:picked_up":{"minecraft:stick":2,"minecraft:crafting_table":1,"minecraft:chicken":1,"minecraft:jungle_log":7,"minecraft:sand":18,"tombstone:grave_dust":3,"minecraft:wooden_sword":2,"minecraft:rotten_flesh":3,"minecraft:wheat_seeds":1,"minecraft:melon_slice":11},"minecraft:mined":{"minecraft:jungle_leaves":9,"minecraft:crafting_table":1,"minecraft:grass":7,"minecraft:melon":3,"minecraft:jungle_log":7,"minecraft:sand":19,"minecraft:oak_leaves":1},"minecraft:crafted":{"minecraft:wooden_sword":2,"minecraft:crafting_table":1,"minecraft:stick":4,"minecraft:jungle_planks":28},"minecraft:used":{"minecraft:melon_slice":9,"tombstone:grave_key":1,"minecraft:wooden_sword":16,"minecraft:sand":18,"minecraft:crafting_table":1,"minecraft:jungle_planks":2,"tombstone:gift":3},"minecraft:killed":{"minecraft:zombie":2,"minecraft:chicken":1,"minecraft:spider":2},"minecraft:custom":{"minecraft:time_since_rest":427,"minecraft:sprint_one_cm":63394,"minecraft:damage_taken":2080,"minecraft:walk_one_cm":18420,"minecraft:mob_kills":5,"minecraft:drop":10,"minecraft:damage_dealt":697,"minecraft:swim_one_cm":5875,"minecraft:interact_with_crafting_table":3,"minecraft:fly_one_cm":107210,"minecraft:crouch_one_cm":5674,"minecraft:play_time":31147,"tombstone:undead_killed":1,"minecraft:deaths":6,"minecraft:sneak_time":1806,"minecraft:walk_under_water_one_cm":961,"minecraft:jump":585,"minecraft:leave_game":8,"minecraft:time_since_death":708,"minecraft:walk_on_water_one_cm":2144,"minecraft:climb_one_cm":8076,"minecraft:total_world_time":31147,"minecraft:fall_one_cm":23572}},"DataVersion":3465}