{"stats":{"minecraft:killed":{"minecraft:spider":1,"minecraft:zombie":1},"minecraft:crafted":{"minecraft:wooden_sword":2,"minecraft:crafting_table":1,"minecraft:stick":4,"minecraft:jungle_planks":28},"minecraft:dropped":{"minecraft:wooden_sword":2},"minecraft:used":{"minecraft:wooden_sword":7,"minecraft:crafting_table":1,"minecraft:melon_slice":9},"minecraft:mined":{"minecraft:grass":5,"minecraft:melon":3,"minecraft:jungle_log":7,"minecraft:jungle_leaves":9,"minecraft:oak_leaves":1,"minecraft:crafting_table":1},"minecraft:picked_up":{"minecraft:crafting_table":1,"minecraft:wooden_sword":2,"minecraft:stick":1,"minecraft:rotten_flesh":1,"minecraft:jungle_log":7,"minecraft:melon_slice":11},"minecraft:custom":{"minecraft:time_since_rest":14640,"minecraft:crouch_one_cm":1769,"minecraft:play_time":14640,"minecraft:sprint_one_cm":25703,"minecraft:damage_taken":170,"minecraft:walk_one_cm":7453,"minecraft:sneak_time":634,"minecraft:mob_kills":2,"minecraft:drop":2,"minecraft:jump":234,"minecraft:damage_dealt":297,"minecraft:leave_game":1,"minecraft:time_since_death":14640,"minecraft:total_world_time":14640,"minecraft:climb_one_cm":6943,"minecraft:interact_with_crafting_table":3,"minecraft:fall_one_cm":8017,"minecraft:fly_one_cm":31936}},"DataVersion":3465}