{"stats":{"minecraft:killed":{"minecraft:zombie":1,"minecraft:spider":2},"minecraft:dropped":{"tombstone:grave_dust":3,"minecraft:rotten_flesh":1,"minecraft:wooden_sword":2},"minecraft:crafted":{"minecraft:wooden_sword":2,"minecraft:crafting_table":1,"minecraft:stick":4,"minecraft:jungle_planks":28},"minecraft:custom":{"minecraft:time_since_rest":258,"minecraft:sprint_one_cm":54187,"minecraft:damage_taken":1640,"minecraft:walk_one_cm":16859,"minecraft:mob_kills":3,"minecraft:drop":6,"minecraft:damage_dealt":457,"minecraft:swim_one_cm":4250,"minecraft:interact_with_crafting_table":3,"minecraft:fly_one_cm":86315,"minecraft:crouch_one_cm":4504,"minecraft:play_time":26478,"minecraft:deaths":5,"minecraft:sneak_time":1444,"minecraft:walk_under_water_one_cm":762,"minecraft:jump":491,"minecraft:leave_game":6,"minecraft:time_since_death":789,"minecraft:walk_on_water_one_cm":2089,"minecraft:total_world_time":26478,"minecraft:climb_one_cm":8076,"minecraft:fall_one_cm":17911},"minecraft:used":{"minecraft:melon_slice":9,"minecraft:wooden_sword":11,"minecraft:sand":15,"minecraft:crafting_table":1,"minecraft:jungle_planks":2,"tombstone:gift":3},"minecraft:picked_up":{"minecraft:stick":1,"minecraft:crafting_table":1,"minecraft:jungle_log":7,"minecraft:sand":17,"tombstone:grave_dust":3,"minecraft:wooden_sword":2,"minecraft:rotten_flesh":1,"minecraft:melon_slice":11},"minecraft:mined":{"minecraft:jungle_leaves":9,"minecraft:crafting_table":1,"minecraft:grass":5,"minecraft:melon":3,"minecraft:jungle_log":7,"minecraft:sand":18,"minecraft:oak_leaves":1}},"DataVersion":3465}