{"stats":{"minecraft:killed_by":{"minecraft:spider":1,"minecraft:zombie":1},"minecraft:picked_up":{"minecraft:rotten_flesh":6,"minecraft:oak_sapling":2,"minecraft:dirt":1},"minecraft:dropped":{"tombstone:grave_dust":2,"minecraft:rotten_flesh":6},"minecraft:mined":{"minecraft:grass":2,"minecraft:grass_block":1,"minecraft:oak_leaves":4},"minecraft:used":{"minecraft:dirt":1,"minecraft:oak_sapling":2,"tombstone:gift":2},"minecraft:custom":{"minecraft:time_since_rest":1345,"minecraft:crouch_one_cm":47,"minecraft:play_time":7510,"minecraft:sprint_one_cm":9721,"minecraft:deaths":4,"minecraft:damage_taken":1095,"minecraft:walk_one_cm":13199,"minecraft:sneak_time":9,"minecraft:walk_under_water_one_cm":233,"minecraft:mob_kills":1,"minecraft:drop":8,"minecraft:jump":330,"minecraft:damage_dealt":247,"minecraft:leave_game":3,"minecraft:walk_on_water_one_cm":1231,"minecraft:time_since_death":1663,"minecraft:climb_one_cm":15480,"minecraft:total_world_time":7510,"minecraft:fall_one_cm":17382,"minecraft:fly_one_cm":28529}},"DataVersion":3465}