{"stats":{"minecraft:killed_by":{"minecraft:zombie":1,"minecraft:spider":1},"minecraft:picked_up":{"minecraft:rotten_flesh":2},"minecraft:mined":{"minecraft:grass":2,"minecraft:oak_leaves":1},"minecraft:custom":{"minecraft:jump":109,"minecraft:time_since_rest":727,"minecraft:damage_taken":565,"minecraft:damage_dealt":238,"minecraft:crouch_one_cm":47,"minecraft:leave_game":2,"minecraft:sprint_one_cm":3383,"minecraft:play_time":2796,"minecraft:walk_one_cm":7951,"minecraft:time_since_death":703,"minecraft:deaths":2,"minecraft:sneak_time":9,"minecraft:total_world_time":2796,"minecraft:climb_one_cm":5161,"minecraft:mob_kills":1,"minecraft:fall_one_cm":7916,"minecraft:fly_one_cm":7993}},"DataVersion":3465}